{"auc_roc":{"LogisticRegression":0.6166666667,"RandomForest":0.6013888889,"CatBoost":0.5833333333},"f1":{"LogisticRegression":0.6341463415,"RandomForest":0.5906040268,"CatBoost":0.6202531646},"precision":{"LogisticRegression":0.619047619,"RandomForest":0.6376811594,"CatBoost":0.6282051282},"recall":{"LogisticRegression":0.65,"RandomForest":0.55,"CatBoost":0.6125},"accuracy":{"LogisticRegression":0.5804195804,"RandomForest":0.5734265734,"CatBoost":0.5804195804},"log_loss":{"LogisticRegression":0.6750241393,"RandomForest":0.768430785,"CatBoost":0.6817185541},"brier_score":{"LogisticRegression":0.2408307409,"RandomForest":0.2710549388,"CatBoost":0.24428464}}