{
  "LogisticRegression": {
    "auc_roc": 0.5056656994572054,
    "f1": 0.5607555607555609,
    "precision": 0.5596526382816706,
    "recall": 0.562130261093829,
    "accuracy": 0.5121003179488033,
    "log_loss": 0.9345396849053357,
    "brier_score": 0.3126409011061316
  },
  "RandomForest": {
    "auc_roc": 0.556429382961689,
    "f1": 0.5885812283893186,
    "precision": 0.5980307876849261,
    "recall": 0.5800738148414029,
    "accuracy": 0.5501115013012469,
    "log_loss": 0.8198055719346189,
    "brier_score": 0.27416406016626854
  },
  "CatBoost": {
    "auc_roc": 0.5702664616455194,
    "f1": 0.585993823104806,
    "precision": 0.6289635877057821,
    "recall": 0.555710928983542,
    "accuracy": 0.5682943301539632,
    "log_loss": 0.6876866653438642,
    "brier_score": 0.24727620599022856
  }
}