{"auc_roc":{"LogisticRegression":0.5761904762,"RandomForest":0.6083333333,"CatBoost":0.5991071429},"f1":{"LogisticRegression":0.5921052632,"RandomForest":0.614379085,"CatBoost":0.641509434},"precision":{"LogisticRegression":0.625,"RandomForest":0.6438356164,"CatBoost":0.6455696203},"recall":{"LogisticRegression":0.5625,"RandomForest":0.5875,"CatBoost":0.6375},"accuracy":{"LogisticRegression":0.5664335664,"RandomForest":0.5874125874,"CatBoost":0.6013986014},"log_loss":{"LogisticRegression":0.8162931706,"RandomForest":0.7176970227,"CatBoost":0.6820382104},"brier_score":{"LogisticRegression":0.2874605863,"RandomForest":0.257927972,"CatBoost":0.244464623}}