{
  "LogisticRegression": {
    "auc_roc": 0.5425561487066225,
    "f1": 0.5733404721144278,
    "precision": 0.5587452802288785,
    "recall": 0.5900616371185357,
    "accuracy": 0.5156873950422337,
    "log_loss": 0.7309347761288768,
    "brier_score": 0.264909019234046
  },
  "RandomForest": {
    "auc_roc": 0.5301015379607881,
    "f1": 0.5482525651722083,
    "precision": 0.5685604314189444,
    "recall": 0.5302398049230492,
    "accuracy": 0.5200172527591882,
    "log_loss": 0.822921734808355,
    "brier_score": 0.2941495435264034
  },
  "CatBoost": {
    "auc_roc": 0.5659259889733814,
    "f1": 0.5998368039907673,
    "precision": 0.6077202756499892,
    "recall": 0.593710173535737,
    "accuracy": 0.5654116224277514,
    "log_loss": 0.7033992489244688,
    "brier_score": 0.25346524112234076
  }
}