{
  "LogisticRegression": {
    "auc_roc": 0.513719238208732,
    "f1": 0.5845913494499916,
    "precision": 0.5672520661157026,
    "recall": 0.6070219649836485,
    "accuracy": 0.5266906044390801,
    "log_loss": 0.9559162099765759,
    "brier_score": 0.3143650781320284
  },
  "RandomForest": {
    "auc_roc": 0.5558010792458371,
    "f1": 0.5813065731596955,
    "precision": 0.5877912885233504,
    "recall": 0.5760623554279333,
    "accuracy": 0.5409102289867506,
    "log_loss": 0.742937455125182,
    "brier_score": 0.2671305757357047
  },
  "CatBoost": {
    "auc_roc": 0.5677923511282935,
    "f1": 0.6178446013045757,
    "precision": 0.6150257468451283,
    "recall": 0.6222045246071628,
    "accuracy": 0.572718315629614,
    "log_loss": 0.6997205375224436,
    "brier_score": 0.25164162759185843
  }
}