{"auc_roc":{"LogisticRegression":0.5506181089,"RandomForest":0.509355162,"CatBoost":0.5522886736},"f1":{"LogisticRegression":0.5714285714,"RandomForest":0.5301204819,"CatBoost":0.5714285714},"precision":{"LogisticRegression":0.5376344086,"RandomForest":0.5238095238,"CatBoost":0.5581395349},"recall":{"LogisticRegression":0.6097560976,"RandomForest":0.5365853659,"CatBoost":0.5853658537},"accuracy":{"LogisticRegression":0.5161290323,"RandomForest":0.4967741935,"CatBoost":0.535483871},"log_loss":{"LogisticRegression":0.7284237383,"RandomForest":0.8657921452,"CatBoost":0.6913101396},"brier_score":{"LogisticRegression":0.2633552801,"RandomForest":0.3143277419,"CatBoost":0.2490819131}}