,auc_roc,f1,precision,recall,accuracy,log_loss,brier_score
LogisticRegression,0.5506181089208153,0.5714285714285714,0.5376344086021505,0.6097560975609756,0.5161290322580645,0.7284237382692839,0.2633552801141391
RandomForest,0.5093551620447712,0.5301204819277109,0.5238095238095238,0.5365853658536586,0.4967741935483871,0.8657921451610359,0.31432774193548385
CatBoost,0.5522886735716672,0.5714285714285714,0.5581395348837209,0.5853658536585366,0.535483870967742,0.6913101395540604,0.2490819130669119
