{"auc_roc":{"LogisticRegression":0.5418289967,"RandomForest":0.5582066655,"CatBoost":0.5955274296},"f1":{"LogisticRegression":0.5871559633,"RandomForest":0.6171171171,"CatBoost":0.6279863481},"precision":{"LogisticRegression":0.5939675174,"RandomForest":0.6129753915,"CatBoost":0.6301369863},"recall":{"LogisticRegression":0.5804988662,"RandomForest":0.6213151927,"CatBoost":0.6258503401},"accuracy":{"LogisticRegression":0.5372750643,"RandomForest":0.5629820051,"CatBoost":0.5796915167},"log_loss":{"LogisticRegression":0.7137082274,"RandomForest":0.7005245422,"CatBoost":0.6910523298},"brier_score":{"LogisticRegression":0.2582402937,"RandomForest":0.252756258,"CatBoost":0.2489526937}}