{"auc_roc":{"LogisticRegression":0.5389162562,"RandomForest":0.4943349754,"CatBoost":0.4672413793},"f1":{"LogisticRegression":0.6194690265,"RandomForest":0.6194690265,"CatBoost":0.5840707965},"precision":{"LogisticRegression":0.6363636364,"RandomForest":0.6363636364,"CatBoost":0.6},"recall":{"LogisticRegression":0.6034482759,"RandomForest":0.6034482759,"CatBoost":0.5689655172},"accuracy":{"LogisticRegression":0.5376344086,"RandomForest":0.5376344086,"CatBoost":0.4946236559},"log_loss":{"LogisticRegression":0.7189790881,"RandomForest":0.7628329108,"CatBoost":0.6943481497},"brier_score":{"LogisticRegression":0.2615400603,"RandomForest":0.2796509409,"CatBoost":0.2506000804}}