{"auc_roc":{"LogisticRegression":0.5702114417,"RandomForest":0.5855278996,"CatBoost":0.5789720916},"f1":{"LogisticRegression":0.6132478632,"RandomForest":0.6135881104,"CatBoost":0.6144067797},"precision":{"LogisticRegression":0.5869120654,"RandomForest":0.5838383838,"CatBoost":0.583501006},"recall":{"LogisticRegression":0.6420581655,"RandomForest":0.6465324385,"CatBoost":0.6487695749},"accuracy":{"LogisticRegression":0.5628019324,"RandomForest":0.5603864734,"CatBoost":0.5603864734},"log_loss":{"LogisticRegression":0.7002190889,"RandomForest":0.6879876779,"CatBoost":0.6832175619},"brier_score":{"LogisticRegression":0.2518656938,"RandomForest":0.2470162893,"CatBoost":0.245102484}}