{
  "LogisticRegression": {
    "auc_roc": 0.5497909145999041,
    "f1": 0.6147837920368536,
    "precision": 0.5801400039807032,
    "recall": 0.6548122147742497,
    "accuracy": 0.5507957574086607,
    "log_loss": 0.7134866499137446,
    "brier_score": 0.2572687402262647
  },
  "CatBoost": {
    "auc_roc": 0.5471709934852422,
    "f1": 0.5965369461117687,
    "precision": 0.606345887661616,
    "recall": 0.5875346016807171,
    "accuracy": 0.561435258290097,
    "log_loss": 0.6920325377635218,
    "brier_score": 0.24915632012041342
  }
}