{
  "LogisticRegression": {
    "auc_roc": 0.5377759636820647,
    "f1": 0.5618628063056031,
    "precision": 0.5650209341631801,
    "recall": 0.5588647570045681,
    "accuracy": 0.5311898464557845,
    "log_loss": 0.8233350321450223,
    "brier_score": 0.2859531608897428
  },
  "RandomForest": {
    "auc_roc": 0.5284396390807782,
    "f1": 0.5592462268740711,
    "precision": 0.560237556561086,
    "recall": 0.5585161917913762,
    "accuracy": 0.5275918271220537,
    "log_loss": 2.2050776259167435,
    "brier_score": 0.30361213595276126
  },
  "CatBoost": {
    "auc_roc": 0.5204498232325532,
    "f1": 0.5060444170580792,
    "precision": 0.5761362661421056,
    "recall": 0.456687656718201,
    "accuracy": 0.5282998889330247,
    "log_loss": 0.7234745420576862,
    "brier_score": 0.26259659422494747
  }
}