{"auc_roc":{"LogisticRegression":0.5906687643,"RandomForest":0.5340701003,"CatBoost":0.5037655069},"f1":{"LogisticRegression":0.595,"RandomForest":0.5401459854,"CatBoost":0.4378698225},"precision":{"LogisticRegression":0.6040609137,"RandomForest":0.5336538462,"CatBoost":0.5481481481},"recall":{"LogisticRegression":0.5862068966,"RandomForest":0.5467980296,"CatBoost":0.3645320197},"accuracy":{"LogisticRegression":0.5888324873,"RandomForest":0.5203045685,"CatBoost":0.5177664975},"log_loss":{"LogisticRegression":0.8013651112,"RandomForest":2.0335426071,"CatBoost":0.7074663987},"brier_score":{"LogisticRegression":0.2711254617,"RandomForest":0.2997619289,"CatBoost":0.2569682664}}