,auc_roc,f1,precision,recall,accuracy,log_loss,brier_score
LogisticRegression,0.6367063492063492,0.7005649717514124,0.6391752577319587,0.775,0.6293706293706294,0.6650069940762245,0.23546955217422752
CatBoost,0.5981150793650793,0.6375,0.6375,0.6375,0.5944055944055944,0.6876568321739287,0.24725664201230352
