{"auc_roc":{"LogisticRegression":0.5871593878,"RandomForest":0.5636431504,"CatBoost":0.625233296},"f1":{"LogisticRegression":0.5862068966,"RandomForest":0.537037037,"CatBoost":0.6194690265},"precision":{"LogisticRegression":0.5762711864,"RandomForest":0.568627451,"CatBoost":0.625},"recall":{"LogisticRegression":0.5964912281,"RandomForest":0.5087719298,"CatBoost":0.6140350877},"accuracy":{"LogisticRegression":0.5384615385,"RandomForest":0.5192307692,"CatBoost":0.5865384615},"log_loss":{"LogisticRegression":0.7031279391,"RandomForest":0.7887970997,"CatBoost":0.6794301605},"brier_score":{"LogisticRegression":0.250933603,"RandomForest":0.2790189904,"CatBoost":0.2431708797}}