{"auc_roc":{"LogisticRegression":0.504677581,"RandomForest":0.4970765119,"CatBoost":0.5877046442},"f1":{"LogisticRegression":0.5269461078,"RandomForest":0.4848484848,"CatBoost":0.5818181818},"precision":{"LogisticRegression":0.5176470588,"RandomForest":0.4819277108,"CatBoost":0.578313253},"recall":{"LogisticRegression":0.5365853659,"RandomForest":0.487804878,"CatBoost":0.5853658537},"accuracy":{"LogisticRegression":0.4903225806,"RandomForest":0.4516129032,"CatBoost":0.5548387097},"log_loss":{"LogisticRegression":0.9702978836,"RandomForest":0.8438415853,"CatBoost":0.6915672559},"brier_score":{"LogisticRegression":0.3284873179,"RandomForest":0.3102877419,"CatBoost":0.2492100896}}