{
  "LogisticRegression": {
    "auc_roc": 0.49427928718817,
    "f1": 0.5537614010744544,
    "precision": 0.5487327105249117,
    "recall": 0.5706664729514781,
    "accuracy": 0.5066951566951567,
    "log_loss": 0.9586301936754603,
    "brier_score": 0.3204147973899886
  },
  "RandomForest": {
    "auc_roc": 0.54137863197846,
    "f1": 0.5788436717622171,
    "precision": 0.5939411748705329,
    "recall": 0.5673590107110861,
    "accuracy": 0.5474893475699928,
    "log_loss": 0.7900151866755264,
    "brier_score": 0.28137958092504867
  },
  "CatBoost": {
    "auc_roc": 0.554504966265403,
    "f1": 0.6221342269120845,
    "precision": 0.6200291368816129,
    "recall": 0.6260354457265501,
    "accuracy": 0.5816625936787226,
    "log_loss": 0.7106420811656888,
    "brier_score": 0.25419219510564944
  }
}