{"auc_roc":{"LogisticRegression":0.4464646465,"RandomForest":0.4303030303,"CatBoost":0.5032323232},"f1":{"LogisticRegression":0.44,"RandomForest":0.4660194175,"CatBoost":0.5384615385},"precision":{"LogisticRegression":0.4888888889,"RandomForest":0.5,"CatBoost":0.5714285714},"recall":{"LogisticRegression":0.4,"RandomForest":0.4363636364,"CatBoost":0.5090909091},"accuracy":{"LogisticRegression":0.44,"RandomForest":0.45,"CatBoost":0.52},"log_loss":{"LogisticRegression":1.073527714,"RandomForest":0.9544747097,"CatBoost":0.692991203},"brier_score":{"LogisticRegression":0.3732956163,"RandomForest":0.342081,"CatBoost":0.2499220251}}