,auc_roc,f1,precision,recall,accuracy,log_loss,brier_score
LogisticRegression,0.44646464646464645,0.44,0.4888888888888889,0.4,0.44,1.073527713977605,0.37329561625519114
RandomForest,0.4303030303030303,0.46601941747572817,0.5,0.43636363636363634,0.45,0.954474709705245,0.342081
CatBoost,0.5032323232323233,0.5384615384615384,0.5714285714285714,0.509090909090909,0.52,0.6929912030055982,0.2499220250685352
