,auc_roc,f1,precision,recall,accuracy,log_loss,brier_score
LogisticRegression,0.6162747293766331,0.6611570247933884,0.625,0.7017543859649122,0.6057692307692307,0.7465451891259824,0.2570992335639566
RandomForest,0.5890257558790595,0.6126126126126126,0.6296296296296297,0.5964912280701754,0.5865384615384616,1.442612539728998,0.2751365384615384
CatBoost,0.6211272863008586,0.6153846153846154,0.6808510638297872,0.5614035087719298,0.6153846153846154,0.7445134302456171,0.2600664126821321
