{"auc_roc":{"LogisticRegression":0.4438423645,"RandomForest":0.4938423645,"CatBoost":0.4756157635},"f1":{"LogisticRegression":0.5504587156,"RandomForest":0.5688073394,"CatBoost":0.6206896552},"precision":{"LogisticRegression":0.5882352941,"RandomForest":0.6078431373,"CatBoost":0.6206896552},"recall":{"LogisticRegression":0.5172413793,"RandomForest":0.5344827586,"CatBoost":0.6206896552},"accuracy":{"LogisticRegression":0.4731182796,"RandomForest":0.4946236559,"CatBoost":0.5268817204},"log_loss":{"LogisticRegression":0.9643281942,"RandomForest":0.8116380757,"CatBoost":0.7080343983},"brier_score":{"LogisticRegression":0.3282154598,"RandomForest":0.294744086,"CatBoost":0.2572246122}}