{
  "LogisticRegression": {
    "auc_roc": 0.5184467010955086,
    "f1": 0.5507841310201446,
    "precision": 0.56728932831874,
    "recall": 0.5371107462132022,
    "accuracy": 0.5201548362032232,
    "log_loss": 0.9424918844223482,
    "brier_score": 0.3231720999833509
  },
  "RandomForest": {
    "auc_roc": 0.5241974334368987,
    "f1": 0.5365077093135896,
    "precision": 0.5559187834525522,
    "recall": 0.5191365727868518,
    "accuracy": 0.5074474062377288,
    "log_loss": 0.8247146867685359,
    "brier_score": 0.29607715313599187
  },
  "CatBoost": {
    "auc_roc": 0.5547211099833782,
    "f1": 0.5987878678898882,
    "precision": 0.6027719651690218,
    "recall": 0.5961939551793609,
    "accuracy": 0.5599939218487605,
    "log_loss": 0.6903941627698803,
    "brier_score": 0.24835204762902138
  }
}