{"auc_roc":{"LogisticRegression":0.5935050392,"RandomForest":0.5410600971,"CatBoost":0.6298992161},"f1":{"LogisticRegression":0.6034482759,"RandomForest":0.5420560748,"CatBoost":0.649122807},"precision":{"LogisticRegression":0.593220339,"RandomForest":0.58,"CatBoost":0.649122807},"recall":{"LogisticRegression":0.6140350877,"RandomForest":0.5087719298,"CatBoost":0.649122807},"accuracy":{"LogisticRegression":0.5576923077,"RandomForest":0.5288461538,"CatBoost":0.6153846154},"log_loss":{"LogisticRegression":0.6994783043,"RandomForest":0.8659105168,"CatBoost":0.6823165528},"brier_score":{"LogisticRegression":0.2492581924,"RandomForest":0.2992185697,"CatBoost":0.2445953142}}