{"auc_roc":{"LogisticRegression":0.5203434117,"RandomForest":0.5656961553,"CatBoost":0.6043299739},"f1":{"LogisticRegression":0.5688073394,"RandomForest":0.523364486,"CatBoost":0.6548672566},"precision":{"LogisticRegression":0.5961538462,"RandomForest":0.56,"CatBoost":0.6607142857},"recall":{"LogisticRegression":0.5438596491,"RandomForest":0.4912280702,"CatBoost":0.649122807},"accuracy":{"LogisticRegression":0.5480769231,"RandomForest":0.5096153846,"CatBoost":0.625},"log_loss":{"LogisticRegression":0.9936589343,"RandomForest":0.7844173386,"CatBoost":0.6875086527},"brier_score":{"LogisticRegression":0.321849261,"RandomForest":0.279075,"CatBoost":0.2459662822}}