{"auc_roc":{"LogisticRegression":0.6113095238,"RandomForest":0.6089285714,"CatBoost":0.5991071429},"f1":{"LogisticRegression":0.6114649682,"RandomForest":0.6040268456,"CatBoost":0.641509434},"precision":{"LogisticRegression":0.6233766234,"RandomForest":0.652173913,"CatBoost":0.6455696203},"recall":{"LogisticRegression":0.6,"RandomForest":0.5625,"CatBoost":0.6375},"accuracy":{"LogisticRegression":0.5734265734,"RandomForest":0.5874125874,"CatBoost":0.6013986014},"log_loss":{"LogisticRegression":0.6808299668,"RandomForest":0.7237274289,"CatBoost":0.6820379871},"brier_score":{"LogisticRegression":0.2432820874,"RandomForest":0.2593483829,"CatBoost":0.2444645128}}