{"auc_roc":{"LogisticRegression":0.5873758036,"RandomForest":0.5622443016,"CatBoost":0.5601987142},"f1":{"LogisticRegression":0.5669291339,"RandomForest":0.5546218487,"CatBoost":0.592},"precision":{"LogisticRegression":0.5294117647,"RandomForest":0.55,"CatBoost":0.5606060606},"recall":{"LogisticRegression":0.6101694915,"RandomForest":0.5593220339,"CatBoost":0.6271186441},"accuracy":{"LogisticRegression":0.5299145299,"RandomForest":0.547008547,"CatBoost":0.5641025641},"log_loss":{"LogisticRegression":0.7159755744,"RandomForest":0.7881007374,"CatBoost":0.6961928906},"brier_score":{"LogisticRegression":0.25642603,"RandomForest":0.2776366453,"CatBoost":0.250991304}}