{
  "LogisticRegression": {
    "auc_roc": 0.5651939009109053,
    "f1": 0.6116664439892491,
    "precision": 0.5883468485938254,
    "recall": 0.637440562968815,
    "accuracy": 0.5549721790640535,
    "log_loss": 0.6941105821912134,
    "brier_score": 0.24993917826405218
  },
  "RandomForest": {
    "auc_roc": 0.548001948258362,
    "f1": 0.5863246786437265,
    "precision": 0.5870625850490657,
    "recall": 0.5865231397085431,
    "accuracy": 0.5454360418314816,
    "log_loss": 0.7450489874426102,
    "brier_score": 0.26961446378461146
  },
  "CatBoost": {
    "auc_roc": 0.5778412462979672,
    "f1": 0.626264040781697,
    "precision": 0.5976702336193322,
    "recall": 0.6582508283985642,
    "accuracy": 0.5679557113836761,
    "log_loss": 0.6850688769329727,
    "brier_score": 0.24598603506339578
  }
}