{"auc_roc":{"LogisticRegression":0.4621031746,"RandomForest":0.5732142857,"CatBoost":0.55},"f1":{"LogisticRegression":0.5222929936,"RandomForest":0.5733333333,"CatBoost":0.5531914894},"precision":{"LogisticRegression":0.5324675325,"RandomForest":0.6142857143,"CatBoost":0.6393442623},"recall":{"LogisticRegression":0.5125,"RandomForest":0.5375,"CatBoost":0.4875},"accuracy":{"LogisticRegression":0.4755244755,"RandomForest":0.5524475524,"CatBoost":0.5594405594},"log_loss":{"LogisticRegression":1.1640877737,"RandomForest":3.3851399675,"CatBoost":0.7004731285},"brier_score":{"LogisticRegression":0.3509590631,"RandomForest":0.291586014,"CatBoost":0.2533341093}}