,auc_roc,f1,precision,recall,accuracy,log_loss,brier_score
LogisticRegression,0.4621031746031747,0.5222929936305732,0.5324675324675324,0.5125,0.4755244755244755,1.1640877736712592,0.35095906307741576
RandomForest,0.5732142857142857,0.5733333333333334,0.6142857142857143,0.5375,0.5524475524475524,3.385139967494656,0.29158601398601397
CatBoost,0.55,0.5531914893617021,0.639344262295082,0.4875,0.5594405594405595,0.7004731284779034,0.25333410926381783
