{"auc_roc":{"LogisticRegression":0.5892081524,"RandomForest":0.5559639158,"CatBoost":0.5656531908},"f1":{"LogisticRegression":0.6497461929,"RandomForest":0.5555555556,"CatBoost":0.6629213483},"precision":{"LogisticRegression":0.5565217391,"RandomForest":0.5625,"CatBoost":0.6145833333},"recall":{"LogisticRegression":0.7804878049,"RandomForest":0.5487804878,"CatBoost":0.7195121951},"accuracy":{"LogisticRegression":0.5548387097,"RandomForest":0.535483871,"CatBoost":0.6129032258},"log_loss":{"LogisticRegression":0.7671184069,"RandomForest":0.7382981762,"CatBoost":0.6891254595},"brier_score":{"LogisticRegression":0.2683058204,"RandomForest":0.2662212903,"CatBoost":0.247779144}}