{"auc_roc":{"LogisticRegression":0.504677581,"RandomForest":0.5097728032,"CatBoost":0.5877046442},"f1":{"LogisticRegression":0.5269461078,"RandomForest":0.490797546,"CatBoost":0.5818181818},"precision":{"LogisticRegression":0.5176470588,"RandomForest":0.4938271605,"CatBoost":0.578313253},"recall":{"LogisticRegression":0.5365853659,"RandomForest":0.487804878,"CatBoost":0.5853658537},"accuracy":{"LogisticRegression":0.4903225806,"RandomForest":0.464516129,"CatBoost":0.5548387097},"log_loss":{"LogisticRegression":0.9702978836,"RandomForest":0.8488307769,"CatBoost":0.6915672559},"brier_score":{"LogisticRegression":0.3284873179,"RandomForest":0.3079505645,"CatBoost":0.2492100896}}