{"auc_roc":{"LogisticRegression":0.5463917526,"RandomForest":0.598756341,"CatBoost":0.5832106038},"f1":{"LogisticRegression":0.6206896552,"RandomForest":0.6141732283,"CatBoost":0.6166007905},"precision":{"LogisticRegression":0.6,"RandomForest":0.609375,"CatBoost":0.6141732283},"recall":{"LogisticRegression":0.6428571429,"RandomForest":0.619047619,"CatBoost":0.619047619},"accuracy":{"LogisticRegression":0.5560538117,"RandomForest":0.5605381166,"CatBoost":0.5650224215},"log_loss":{"LogisticRegression":0.8627838013,"RandomForest":0.6966426975,"CatBoost":0.7056745546},"brier_score":{"LogisticRegression":0.2932923104,"RandomForest":0.249032287,"CatBoost":0.2525635033}}