{
  "LogisticRegression": {
    "auc_roc": 0.4835349844367311,
    "f1": 0.5653483918199358,
    "precision": 0.5303960733308559,
    "recall": 0.6213863698677005,
    "accuracy": 0.4969150353827773,
    "log_loss": 0.9042445407268346,
    "brier_score": 0.3085835378702283
  },
  "RandomForest": {
    "auc_roc": 0.5250399971281615,
    "f1": 0.5318917139505375,
    "precision": 0.5671089311214413,
    "recall": 0.5031114710698,
    "accuracy": 0.5133401007594556,
    "log_loss": 0.7567125222022577,
    "brier_score": 0.2743007350239366
  },
  "CatBoost": {
    "auc_roc": 0.5128506213142251,
    "f1": 0.6118677072167115,
    "precision": 0.5881824721217077,
    "recall": 0.6392579862717493,
    "accuracy": 0.5571064031547902,
    "log_loss": 0.7120945727023473,
    "brier_score": 0.258055041112978
  }
}