{"auc_roc":{"LogisticRegression":0.5413793103,"RandomForest":0.4886699507,"CatBoost":0.4746305419},"f1":{"LogisticRegression":0.6194690265,"RandomForest":0.6315789474,"CatBoost":0.5840707965},"precision":{"LogisticRegression":0.6363636364,"RandomForest":0.6428571429,"CatBoost":0.6},"recall":{"LogisticRegression":0.6034482759,"RandomForest":0.6206896552,"CatBoost":0.5689655172},"accuracy":{"LogisticRegression":0.5376344086,"RandomForest":0.5483870968,"CatBoost":0.4946236559},"log_loss":{"LogisticRegression":0.8815189116,"RandomForest":0.8671653475,"CatBoost":0.6936605496},"brier_score":{"LogisticRegression":0.310566032,"RandomForest":0.3079643145,"CatBoost":0.2502575258}}