,auc_roc,f1,precision,recall,accuracy,log_loss,brier_score
LogisticRegression,0.5413793103448276,0.6194690265486725,0.6363636363636364,0.603448275862069,0.5376344086021505,0.881518911636657,0.31056603202861455
RandomForest,0.4886699507389163,0.631578947368421,0.6428571428571429,0.6206896551724138,0.5483870967741935,0.8671653475363644,0.30796431451612905
CatBoost,0.4746305418719212,0.584070796460177,0.6,0.5689655172413793,0.4946236559139785,0.6936605495502224,0.2502575257728161
