{"auc_roc":{"LogisticRegression":0.457635468,"RandomForest":0.5068965517,"CatBoost":0.542364532},"f1":{"LogisticRegression":0.6126126126,"RandomForest":0.6126126126,"CatBoost":0.62},"precision":{"LogisticRegression":0.641509434,"RandomForest":0.641509434,"CatBoost":0.7380952381},"recall":{"LogisticRegression":0.5862068966,"RandomForest":0.5862068966,"CatBoost":0.5344827586},"accuracy":{"LogisticRegression":0.5376344086,"RandomForest":0.5376344086,"CatBoost":0.5913978495},"log_loss":{"LogisticRegression":1.1069841115,"RandomForest":3.4019619353,"CatBoost":0.7717655454},"brier_score":{"LogisticRegression":0.3373458215,"RandomForest":0.3164032258,"CatBoost":0.279812586}}