{"auc_roc":{"LogisticRegression":0.5588038757,"RandomForest":0.5102739726,"CatBoost":0.5912128299},"f1":{"LogisticRegression":0.5730337079,"RandomForest":0.4814814815,"CatBoost":0.5641025641},"precision":{"LogisticRegression":0.53125,"RandomForest":0.4875,"CatBoost":0.5945945946},"recall":{"LogisticRegression":0.6219512195,"RandomForest":0.4756097561,"CatBoost":0.5365853659},"accuracy":{"LogisticRegression":0.5096774194,"RandomForest":0.4580645161,"CatBoost":0.5612903226},"log_loss":{"LogisticRegression":0.723484155,"RandomForest":0.8495637465,"CatBoost":0.6894530526},"brier_score":{"LogisticRegression":0.2615701958,"RandomForest":0.3081745565,"CatBoost":0.248154001}}