,auc_roc,f1,precision,recall,accuracy,log_loss,brier_score
LogisticRegression,0.48556033177937885,0.5552825552825553,0.5432692307692307,0.5678391959798995,0.5041095890410959,0.9978286995728125,0.32964753849242806
RandomForest,0.530211297451111,0.5792079207920792,0.5707317073170731,0.5879396984924623,0.5342465753424658,0.8130072252848927,0.2891191780821918
CatBoost,0.5331930738027486,0.5980392156862745,0.583732057416268,0.6130653266331658,0.5506849315068493,0.6898870473141344,0.24837451102069869
