{"auc_roc":{"LogisticRegression":0.4855603318,"RandomForest":0.5302112975,"CatBoost":0.5331930738},"f1":{"LogisticRegression":0.5552825553,"RandomForest":0.5792079208,"CatBoost":0.5980392157},"precision":{"LogisticRegression":0.5432692308,"RandomForest":0.5707317073,"CatBoost":0.5837320574},"recall":{"LogisticRegression":0.567839196,"RandomForest":0.5879396985,"CatBoost":0.6130653266},"accuracy":{"LogisticRegression":0.504109589,"RandomForest":0.5342465753,"CatBoost":0.5506849315},"log_loss":{"LogisticRegression":0.9978286996,"RandomForest":0.8130072253,"CatBoost":0.6898870473},"brier_score":{"LogisticRegression":0.3296475385,"RandomForest":0.2891191781,"CatBoost":0.248374511}}