{"auc_roc":{"LogisticRegression":0.5208636231,"RandomForest":0.5368021227,"CatBoost":0.57998328},"f1":{"LogisticRegression":0.5699208443,"RandomForest":0.5953002611,"CatBoost":0.6532663317},"precision":{"LogisticRegression":0.5454545455,"RandomForest":0.5643564356,"CatBoost":0.599078341},"recall":{"LogisticRegression":0.5966850829,"RandomForest":0.6298342541,"CatBoost":0.7182320442},"accuracy":{"LogisticRegression":0.5105105105,"RandomForest":0.5345345345,"CatBoost":0.5855855856},"log_loss":{"LogisticRegression":0.7182316982,"RandomForest":0.7163321072,"CatBoost":0.6921417657},"brier_score":{"LogisticRegression":0.2611699707,"RandomForest":0.2595091404,"CatBoost":0.2494973069}}