{
  "LogisticRegression": {
    "auc_roc": 0.5052231893320357,
    "f1": 0.5856259184160383,
    "precision": 0.5624053580837709,
    "recall": 0.6229751479229156,
    "accuracy": 0.5232488867166286,
    "log_loss": 1.0201459598151614,
    "brier_score": 0.32608335632560653
  },
  "RandomForest": {
    "auc_roc": 0.5354207422626138,
    "f1": 0.5593516615611307,
    "precision": 0.5751697020368404,
    "recall": 0.546972527453519,
    "accuracy": 0.5281859329439974,
    "log_loss": 2.5224572151635916,
    "brier_score": 0.303148094372175
  },
  "CatBoost": {
    "auc_roc": 0.5684109332441255,
    "f1": 0.5906144143550893,
    "precision": 0.6444161954374145,
    "recall": 0.5489629147346776,
    "accuracy": 0.5813441277957407,
    "log_loss": 0.727598976715608,
    "brier_score": 0.2607113596040748
  }
}