{"auc_roc":{"LogisticRegression":0.5243902439,"RandomForest":0.5270631473,"CatBoost":0.538422987},"f1":{"LogisticRegression":0.5681818182,"RandomForest":0.5238095238,"CatBoost":0.6035502959},"precision":{"LogisticRegression":0.5319148936,"RandomForest":0.511627907,"CatBoost":0.5862068966},"recall":{"LogisticRegression":0.6097560976,"RandomForest":0.5365853659,"CatBoost":0.6219512195},"accuracy":{"LogisticRegression":0.5096774194,"RandomForest":0.4838709677,"CatBoost":0.5677419355},"log_loss":{"LogisticRegression":0.7553810933,"RandomForest":0.740792795,"CatBoost":0.6922165043},"brier_score":{"LogisticRegression":0.2736923345,"RandomForest":0.2717117339,"CatBoost":0.2495347088}}