{"auc_roc":{"LogisticRegression":0.4261083744,"RandomForest":0.457635468,"CatBoost":0.4179802956},"f1":{"LogisticRegression":0.6766917293,"RandomForest":0.5192307692,"CatBoost":0.6666666667},"precision":{"LogisticRegression":0.6,"RandomForest":0.5869565217,"CatBoost":0.6176470588},"recall":{"LogisticRegression":0.775862069,"RandomForest":0.4655172414,"CatBoost":0.724137931},"accuracy":{"LogisticRegression":0.5376344086,"RandomForest":0.4623655914,"CatBoost":0.5483870968},"log_loss":{"LogisticRegression":0.9297847141,"RandomForest":0.791145105,"CatBoost":0.6990919419},"brier_score":{"LogisticRegression":0.3158312783,"RandomForest":0.2914107527,"CatBoost":0.2528475552}}