{
  "LogisticRegression": {
    "auc_roc": 0.5443013538398686,
    "f1": 0.5901082236259308,
    "precision": 0.5754447094318701,
    "recall": 0.6064140382113928,
    "accuracy": 0.5368625023816708,
    "log_loss": 0.7107196714870113,
    "brier_score": 0.25709198606342937
  },
  "RandomForest": {
    "auc_roc": 0.5601788959273881,
    "f1": 0.6086684962057066,
    "precision": 0.5870567369936098,
    "recall": 0.6325606284553859,
    "accuracy": 0.5526343377019582,
    "log_loss": 0.7016147757521275,
    "brier_score": 0.2530938958916724
  },
  "CatBoost": {
    "auc_roc": 0.5848276003887803,
    "f1": 0.6318864864807251,
    "precision": 0.604238777783804,
    "recall": 0.6642839864263403,
    "accuracy": 0.5752211919083496,
    "log_loss": 0.6888038857937598,
    "brier_score": 0.24785082821535132
  }
}