{"auc_roc":{"LogisticRegression":0.4807881773,"RandomForest":0.4874384236,"CatBoost":0.5157635468},"f1":{"LogisticRegression":0.5663716814,"RandomForest":0.6315789474,"CatBoost":0.6434782609},"precision":{"LogisticRegression":0.5818181818,"RandomForest":0.6428571429,"CatBoost":0.649122807},"recall":{"LogisticRegression":0.5517241379,"RandomForest":0.6206896552,"CatBoost":0.6379310345},"accuracy":{"LogisticRegression":0.4731182796,"RandomForest":0.5483870968,"CatBoost":0.5591397849},"log_loss":{"LogisticRegression":0.7500341616,"RandomForest":0.8635353867,"CatBoost":0.7802886371},"brier_score":{"LogisticRegression":0.2764268885,"RandomForest":0.3074821237,"CatBoost":0.2840879428}}