{"auc_roc":{"LogisticRegression":0.4646825397,"RandomForest":0.5449404762,"CatBoost":0.566468254},"f1":{"LogisticRegression":0.4689655172,"RandomForest":0.6013071895,"CatBoost":0.641025641},"precision":{"LogisticRegression":0.5230769231,"RandomForest":0.6301369863,"CatBoost":0.6578947368},"recall":{"LogisticRegression":0.425,"RandomForest":0.575,"CatBoost":0.625},"accuracy":{"LogisticRegression":0.4615384615,"RandomForest":0.5734265734,"CatBoost":0.6083916084},"log_loss":{"LogisticRegression":0.9627996189,"RandomForest":0.7768038556,"CatBoost":0.7141653371},"brier_score":{"LogisticRegression":0.3275144151,"RandomForest":0.2738867133,"CatBoost":0.2572531299}}