{"auc_roc":{"LogisticRegression":0.4951836891,"RandomForest":0.5515930875,"CatBoost":0.539721618},"f1":{"LogisticRegression":0.5348837209,"RandomForest":0.5803921569,"CatBoost":0.5221238938},"precision":{"LogisticRegression":0.5404699739,"RandomForest":0.5935828877,"CatBoost":0.6167247387},"recall":{"LogisticRegression":0.5294117647,"RandomForest":0.5677749361,"CatBoost":0.452685422},"accuracy":{"LogisticRegression":0.4943820225,"RandomForest":0.5491573034,"CatBoost":0.5449438202},"log_loss":{"LogisticRegression":0.8563208655,"RandomForest":2.1681442607,"CatBoost":0.7695754183},"brier_score":{"LogisticRegression":0.299071122,"RandomForest":0.296343118,"CatBoost":0.2807049574}}