{"auc_roc":{"LogisticRegression":0.5496157701,"RandomForest":0.5433511527,"CatBoost":0.5467758102},"f1":{"LogisticRegression":0.6769230769,"RandomForest":0.6117647059,"CatBoost":0.6358381503},"precision":{"LogisticRegression":0.5840707965,"RandomForest":0.5909090909,"CatBoost":0.6043956044},"recall":{"LogisticRegression":0.8048780488,"RandomForest":0.6341463415,"CatBoost":0.6707317073},"accuracy":{"LogisticRegression":0.5935483871,"RandomForest":0.5741935484,"CatBoost":0.5935483871},"log_loss":{"LogisticRegression":0.8339265794,"RandomForest":0.8162602064,"CatBoost":0.8196734756},"brier_score":{"LogisticRegression":0.2892510041,"RandomForest":0.2885483871,"CatBoost":0.2890999001}}