{"auc_roc":{"LogisticRegression":0.5690466097,"RandomForest":0.5457753824,"CatBoost":0.578493712},"f1":{"LogisticRegression":0.6159014558,"RandomForest":0.5670588235,"CatBoost":0.6348501665},"precision":{"LogisticRegression":0.6084070796,"RandomForest":0.5892420538,"CatBoost":0.6217391304},"recall":{"LogisticRegression":0.6235827664,"RandomForest":0.5464852608,"CatBoost":0.6485260771},"accuracy":{"LogisticRegression":0.559125964,"RandomForest":0.5269922879,"CatBoost":0.5771208226},"log_loss":{"LogisticRegression":0.694425973,"RandomForest":0.7476401216,"CatBoost":0.6815105711},"brier_score":{"LogisticRegression":0.2498296023,"RandomForest":0.2709954933,"CatBoost":0.2442191673}}