{"auc_roc":{"LogisticRegression":0.4472727273,"RandomForest":0.4480808081,"CatBoost":0.504040404},"f1":{"LogisticRegression":0.5087719298,"RandomForest":0.4807692308,"CatBoost":0.5384615385},"precision":{"LogisticRegression":0.4915254237,"RandomForest":0.5102040816,"CatBoost":0.5714285714},"recall":{"LogisticRegression":0.5272727273,"RandomForest":0.4545454545,"CatBoost":0.5090909091},"accuracy":{"LogisticRegression":0.44,"RandomForest":0.46,"CatBoost":0.52},"log_loss":{"LogisticRegression":0.8099309431,"RandomForest":0.9238060097,"CatBoost":0.6929927657},"brier_score":{"LogisticRegression":0.2995342344,"RandomForest":0.3332365625,"CatBoost":0.2499228065}}