{"auc_roc":{"LogisticRegression":0.5216247808,"RandomForest":0.5658971362,"CatBoost":0.5593220339},"f1":{"LogisticRegression":0.5573770492,"RandomForest":0.55,"CatBoost":0.592},"precision":{"LogisticRegression":0.5396825397,"RandomForest":0.5409836066,"CatBoost":0.5606060606},"recall":{"LogisticRegression":0.5762711864,"RandomForest":0.5593220339,"CatBoost":0.6271186441},"accuracy":{"LogisticRegression":0.5384615385,"RandomForest":0.5384615385,"CatBoost":0.5641025641},"log_loss":{"LogisticRegression":0.9196546925,"RandomForest":0.7873294641,"CatBoost":0.6945991051},"brier_score":{"LogisticRegression":0.3173737864,"RandomForest":0.2773173611,"CatBoost":0.25029174}}