{
  "LogisticRegression": {
    "auc_roc": 0.5456157862103185,
    "f1": 0.5717462387854607,
    "precision": 0.5586391663753328,
    "recall": 0.5874750306036501,
    "accuracy": 0.5143506195119099,
    "log_loss": 0.7310693040018083,
    "brier_score": 0.264912855935668
  },
  "RandomForest": {
    "auc_roc": 0.5301015379607881,
    "f1": 0.5482525651722083,
    "precision": 0.5685604314189444,
    "recall": 0.5302398049230492,
    "accuracy": 0.5200172527591882,
    "log_loss": 0.822921734808355,
    "brier_score": 0.2941495435264034
  },
  "CatBoost": {
    "auc_roc": 0.5659259889733814,
    "f1": 0.5998368039907673,
    "precision": 0.6077202756499892,
    "recall": 0.593710173535737,
    "accuracy": 0.5654116224277514,
    "log_loss": 0.7033992489244688,
    "brier_score": 0.25346524112234076
  }
}