{"auc_roc":{"LogisticRegression":0.5578609001,"RandomForest":0.5587375804,"CatBoost":0.5561075395},"f1":{"LogisticRegression":0.5984251969,"RandomForest":0.576,"CatBoost":0.5737704918},"precision":{"LogisticRegression":0.5588235294,"RandomForest":0.5454545455,"CatBoost":0.5555555556},"recall":{"LogisticRegression":0.6440677966,"RandomForest":0.6101694915,"CatBoost":0.593220339},"accuracy":{"LogisticRegression":0.5641025641,"RandomForest":0.547008547,"CatBoost":0.5555555556},"log_loss":{"LogisticRegression":0.7448660427,"RandomForest":0.7349243597,"CatBoost":0.6958451789},"brier_score":{"LogisticRegression":0.267671849,"RandomForest":0.2647899038,"CatBoost":0.2510456195}}