,auc_roc,f1,precision,recall,accuracy,log_loss,brier_score
LogisticRegression,0.44646464646464645,0.44,0.4888888888888889,0.4,0.44,1.073527713977605,0.37329561625519114
RandomForest,0.44868686868686863,0.4854368932038835,0.5208333333333334,0.45454545454545453,0.47,0.9224692749478982,0.33301175
CatBoost,0.5032323232323233,0.5384615384615384,0.5714285714285714,0.509090909090909,0.52,0.6929912030055982,0.2499220250685352
