{"auc_roc":{"LogisticRegression":0.5832846289,"RandomForest":0.5485096435,"CatBoost":0.5607831677},"f1":{"LogisticRegression":0.5581395349,"RandomForest":0.5128205128,"CatBoost":0.5873015873},"precision":{"LogisticRegression":0.5142857143,"RandomForest":0.5172413793,"CatBoost":0.552238806},"recall":{"LogisticRegression":0.6101694915,"RandomForest":0.5084745763,"CatBoost":0.6271186441},"accuracy":{"LogisticRegression":0.5128205128,"RandomForest":0.5128205128,"CatBoost":0.5555555556},"log_loss":{"LogisticRegression":0.720118797,"RandomForest":0.8355172214,"CatBoost":0.6989168882},"brier_score":{"LogisticRegression":0.2581473031,"RandomForest":0.2924173611,"CatBoost":0.2520454816}}