{"auc_roc":{"LogisticRegression":0.5330347144,"RandomForest":0.5714818962,"CatBoost":0.6356849571},"f1":{"LogisticRegression":0.5663716814,"RandomForest":0.5555555556,"CatBoost":0.6111111111},"precision":{"LogisticRegression":0.5714285714,"RandomForest":0.5882352941,"CatBoost":0.6470588235},"recall":{"LogisticRegression":0.5614035088,"RandomForest":0.5263157895,"CatBoost":0.5789473684},"accuracy":{"LogisticRegression":0.5288461538,"RandomForest":0.5384615385,"CatBoost":0.5961538462},"log_loss":{"LogisticRegression":0.7701447474,"RandomForest":0.7146296847,"CatBoost":0.6892665809},"brier_score":{"LogisticRegression":0.2763254752,"RandomForest":0.2576548678,"CatBoost":0.2480600363}}