{"auc_roc":{"LogisticRegression":0.5354159706,"RandomForest":0.5455228867,"CatBoost":0.6019044437},"f1":{"LogisticRegression":0.6567164179,"RandomForest":0.5647058824,"CatBoost":0.5751633987},"precision":{"LogisticRegression":0.5546218487,"RandomForest":0.5454545455,"CatBoost":0.6197183099},"recall":{"LogisticRegression":0.8048780488,"RandomForest":0.5853658537,"CatBoost":0.5365853659},"accuracy":{"LogisticRegression":0.5548387097,"RandomForest":0.5225806452,"CatBoost":0.5806451613},"log_loss":{"LogisticRegression":0.8929373264,"RandomForest":2.085770641,"CatBoost":0.6815899759},"brier_score":{"LogisticRegression":0.303283183,"RandomForest":0.2912322581,"CatBoost":0.2442379576}}