,auc_roc,f1,precision,recall,accuracy,log_loss,brier_score
LogisticRegression,0.5354159705980621,0.6567164179104478,0.5546218487394958,0.8048780487804879,0.5548387096774193,0.8929373264154258,0.30328318303173757
RandomForest,0.5455228867357167,0.5647058823529412,0.5454545454545454,0.5853658536585366,0.5225806451612903,2.0857706409707437,0.2912322580645161
CatBoost,0.6019044437019713,0.5751633986928104,0.6197183098591549,0.5365853658536586,0.5806451612903226,0.6815899759165253,0.24423795761855627
