{"auc_roc":{"LogisticRegression":0.5382916053,"RandomForest":0.5796514482,"CatBoost":0.5722467681},"f1":{"LogisticRegression":0.5873015873,"RandomForest":0.5887096774,"CatBoost":0.5420560748},"precision":{"LogisticRegression":0.5873015873,"RandomForest":0.5983606557,"CatBoost":0.6590909091},"recall":{"LogisticRegression":0.5873015873,"RandomForest":0.5793650794,"CatBoost":0.4603174603},"accuracy":{"LogisticRegression":0.533632287,"RandomForest":0.5426008969,"CatBoost":0.5605381166},"log_loss":{"LogisticRegression":0.8876547897,"RandomForest":0.8810214863,"CatBoost":0.6912521287},"brier_score":{"LogisticRegression":0.3002208097,"RandomForest":0.2610865471,"CatBoost":0.2490527212}}