,auc_roc,f1,precision,recall,accuracy,log_loss,brier_score
LogisticRegression,0.5382916053019146,0.5873015873015873,0.5873015873015873,0.5873015873015873,0.5336322869955157,0.8876547897461535,0.3002208097052148
RandomForest,0.5796514482081493,0.5887096774193549,0.5983606557377049,0.5793650793650794,0.5426008968609866,0.8810214863033033,0.2610865470852018
CatBoost,0.5722467681230569,0.5420560747663551,0.6590909090909091,0.4603174603174603,0.5605381165919282,0.6912521287188824,0.24905272119553498
