{"auc_roc":{"LogisticRegression":0.5783379427,"RandomForest":0.5632093807,"CatBoost":0.5813530859},"f1":{"LogisticRegression":0.6259220232,"RandomForest":0.602383532,"CatBoost":0.6169989507},"precision":{"LogisticRegression":0.5916334661,"RandomForest":0.5840336134,"CatBoost":0.581027668},"recall":{"LogisticRegression":0.6644295302,"RandomForest":0.6219239374,"CatBoost":0.6577181208},"accuracy":{"LogisticRegression":0.5712560386,"RandomForest":0.556763285,"CatBoost":0.559178744},"log_loss":{"LogisticRegression":0.6882491722,"RandomForest":0.7317056519,"CatBoost":0.6824032431},"brier_score":{"LogisticRegression":0.2472579806,"RandomForest":0.2641965655,"CatBoost":0.2446660073}}