{"auc_roc":{"LogisticRegression":0.4549494949,"RandomForest":0.4806060606,"CatBoost":0.4719191919},"f1":{"LogisticRegression":0.5094339623,"RandomForest":0.5765765766,"CatBoost":0.5420560748},"precision":{"LogisticRegression":0.5294117647,"RandomForest":0.5714285714,"CatBoost":0.5576923077},"recall":{"LogisticRegression":0.4909090909,"RandomForest":0.5818181818,"CatBoost":0.5272727273},"accuracy":{"LogisticRegression":0.48,"RandomForest":0.53,"CatBoost":0.51},"log_loss":{"LogisticRegression":0.8066628946,"RandomForest":0.7974992724,"CatBoost":0.6954028599},"brier_score":{"LogisticRegression":0.2977880524,"RandomForest":0.29339275,"CatBoost":0.2511268332}}