,auc_roc,f1,precision,recall,accuracy,log_loss,brier_score
LogisticRegression,0.5110115714818961,0.6423357664233577,0.55,0.7719298245614035,0.5288461538461539,1.0544826894568775,0.3157170717082011
RandomForest,0.6261664800298619,0.6,0.6226415094339622,0.5789473684210527,0.5769230769230769,0.6761124767219935,0.24056442307692302
CatBoost,0.6405375139977603,0.6608695652173913,0.6551724137931034,0.6666666666666666,0.625,0.6796298039538655,0.24108530592463617
