,auc_roc,f1,precision,recall,accuracy,log_loss,brier_score
LogisticRegression,0.4553535353535354,0.5391304347826087,0.5166666666666667,0.5636363636363636,0.47,0.8046050348003136,0.2955592953257028
CatBoost,0.4638383838383838,0.5504587155963303,0.5555555555555556,0.5454545454545454,0.51,0.6959243784794531,0.2513865127066779
