{"auc_roc":{"LogisticRegression":0.4698989899,"RandomForest":0.438989899,"CatBoost":0.4981818182},"f1":{"LogisticRegression":0.4554455446,"RandomForest":0.46,"CatBoost":0.5576923077},"precision":{"LogisticRegression":0.5,"RandomForest":0.5111111111,"CatBoost":0.5918367347},"recall":{"LogisticRegression":0.4181818182,"RandomForest":0.4181818182,"CatBoost":0.5272727273},"accuracy":{"LogisticRegression":0.45,"RandomForest":0.46,"CatBoost":0.54},"log_loss":{"LogisticRegression":1.0888292609,"RandomForest":0.8628717634,"CatBoost":0.6951729234},"brier_score":{"LogisticRegression":0.3569848507,"RandomForest":0.315153,"CatBoost":0.2510093541}}