{"auc_roc":{"LogisticRegression":0.4576271186,"RandomForest":0.5514319112,"CatBoost":0.552893045},"f1":{"LogisticRegression":0.534351145,"RandomForest":0.5210084034,"CatBoost":0.5454545455},"precision":{"LogisticRegression":0.4861111111,"RandomForest":0.5166666667,"CatBoost":0.5322580645},"recall":{"LogisticRegression":0.593220339,"RandomForest":0.5254237288,"CatBoost":0.5593220339},"accuracy":{"LogisticRegression":0.4786324786,"RandomForest":0.5128205128,"CatBoost":0.5299145299},"log_loss":{"LogisticRegression":0.8333218713,"RandomForest":0.7192375896,"CatBoost":0.6889475195},"brier_score":{"LogisticRegression":0.3041952899,"RandomForest":0.2621923077,"CatBoost":0.2479063235}}