{"auc_roc":{"LogisticRegression":0.481773399,"RandomForest":0.4874384236,"CatBoost":0.5157635468},"f1":{"LogisticRegression":0.5840707965,"RandomForest":0.6315789474,"CatBoost":0.6434782609},"precision":{"LogisticRegression":0.6,"RandomForest":0.6428571429,"CatBoost":0.649122807},"recall":{"LogisticRegression":0.5689655172,"RandomForest":0.6206896552,"CatBoost":0.6379310345},"accuracy":{"LogisticRegression":0.4946236559,"RandomForest":0.5483870968,"CatBoost":0.5591397849},"log_loss":{"LogisticRegression":0.7530672456,"RandomForest":0.8635353867,"CatBoost":0.7802886371},"brier_score":{"LogisticRegression":0.277730985,"RandomForest":0.3074821237,"CatBoost":0.2840879428}}