{"auc_roc":{"LogisticRegression":0.5274754376,"RandomForest":0.4996557295,"CatBoost":0.5178623447},"f1":{"LogisticRegression":0.555704698,"RandomForest":0.5572005384,"CatBoost":0.5581395349},"precision":{"LogisticRegression":0.5505319149,"RandomForest":0.5534759358,"CatBoost":0.5635359116},"recall":{"LogisticRegression":0.5609756098,"RandomForest":0.5609756098,"CatBoost":0.5528455285},"accuracy":{"LogisticRegression":0.5103550296,"RandomForest":0.5133136095,"CatBoost":0.5221893491},"log_loss":{"LogisticRegression":0.8123191198,"RandomForest":2.41354601,"CatBoost":0.6933818091},"brier_score":{"LogisticRegression":0.287662899,"RandomForest":0.3147313609,"CatBoost":0.2501165588}}