{"auc_roc":{"LogisticRegression":0.4295733489,"RandomForest":0.5558153127,"CatBoost":0.5404734074},"f1":{"LogisticRegression":0.5606060606,"RandomForest":0.564516129,"CatBoost":0.564516129},"precision":{"LogisticRegression":0.5068493151,"RandomForest":0.5384615385,"CatBoost":0.5384615385},"recall":{"LogisticRegression":0.6271186441,"RandomForest":0.593220339,"CatBoost":0.593220339},"accuracy":{"LogisticRegression":0.5042735043,"RandomForest":0.5384615385,"CatBoost":0.5384615385},"log_loss":{"LogisticRegression":1.0439844074,"RandomForest":0.7929584172,"CatBoost":0.69139028},"brier_score":{"LogisticRegression":0.3492869925,"RandomForest":0.2809068376,"CatBoost":0.2491224612}}