{"auc_roc":{"LogisticRegression":0.4602020202,"RandomForest":0.4606060606,"CatBoost":0.5272727273},"f1":{"LogisticRegression":0.4854368932,"RandomForest":0.44,"CatBoost":0.5849056604},"precision":{"LogisticRegression":0.5208333333,"RandomForest":0.4888888889,"CatBoost":0.6078431373},"recall":{"LogisticRegression":0.4545454545,"RandomForest":0.4,"CatBoost":0.5636363636},"accuracy":{"LogisticRegression":0.47,"RandomForest":0.44,"CatBoost":0.56},"log_loss":{"LogisticRegression":1.1540889564,"RandomForest":2.2497897554,"CatBoost":0.6932085842},"brier_score":{"LogisticRegression":0.3679706147,"RandomForest":0.337016,"CatBoost":0.2500295339}}