{"auc_roc":{"LogisticRegression":0.5878968254,"RandomForest":0.5903769841,"CatBoost":0.5890873016},"f1":{"LogisticRegression":0.6114649682,"RandomForest":0.6163522013,"CatBoost":0.6459627329},"precision":{"LogisticRegression":0.6233766234,"RandomForest":0.6202531646,"CatBoost":0.6419753086},"recall":{"LogisticRegression":0.6,"RandomForest":0.6125,"CatBoost":0.65},"accuracy":{"LogisticRegression":0.5734265734,"RandomForest":0.5734265734,"CatBoost":0.6013986014},"log_loss":{"LogisticRegression":0.6953806067,"RandomForest":0.6955416355,"CatBoost":0.681264608},"brier_score":{"LogisticRegression":0.249788825,"RandomForest":0.2504005245,"CatBoost":0.2439692504}}