{"auc_roc":{"LogisticRegression":0.4997077732,"RandomForest":0.5372589129,"CatBoost":0.5677966102},"f1":{"LogisticRegression":0.5755395683,"RandomForest":0.5528455285,"CatBoost":0.5950413223},"precision":{"LogisticRegression":0.5,"RandomForest":0.53125,"CatBoost":0.5806451613},"recall":{"LogisticRegression":0.6779661017,"RandomForest":0.5762711864,"CatBoost":0.6101694915},"accuracy":{"LogisticRegression":0.4957264957,"RandomForest":0.5299145299,"CatBoost":0.5811965812},"log_loss":{"LogisticRegression":1.0562324018,"RandomForest":2.569468452,"CatBoost":0.774043196},"brier_score":{"LogisticRegression":0.3398422221,"RandomForest":0.3075145299,"CatBoost":0.2767875581}}