{"auc_roc":{"LogisticRegression":0.4969758065,"RandomForest":0.5539650538,"CatBoost":0.5962365591},"f1":{"LogisticRegression":0.5163043478,"RandomForest":0.5604395604,"CatBoost":0.6307277628},"precision":{"LogisticRegression":0.5397727273,"RandomForest":0.5930232558,"CatBoost":0.6536312849},"recall":{"LogisticRegression":0.4947916667,"RandomForest":0.53125,"CatBoost":0.609375},"accuracy":{"LogisticRegression":0.4870317003,"RandomForest":0.5389048991,"CatBoost":0.6051873199},"log_loss":{"LogisticRegression":1.0486886359,"RandomForest":0.7494051413,"CatBoost":0.6864850289},"brier_score":{"LogisticRegression":0.3312334595,"RandomForest":0.2693164265,"CatBoost":0.2459484953}}