{
  "LogisticRegression": {
    "auc_roc": 0.5458733815503033,
    "f1": 0.5738231868588839,
    "precision": 0.5566856678074101,
    "recall": 0.5938262570015765,
    "accuracy": 0.5134887334887335,
    "log_loss": 0.7287548510344762,
    "brier_score": 0.26392836719314156
  },
  "RandomForest": {
    "auc_roc": 0.5172672228619134,
    "f1": 0.5457488044942503,
    "precision": 0.5674470073127463,
    "recall": 0.526970933726155,
    "accuracy": 0.5179994109832818,
    "log_loss": 0.8841945479229253,
    "brier_score": 0.3103521168251738
  },
  "CatBoost": {
    "auc_roc": 0.5346776412837427,
    "f1": 0.5915356606336465,
    "precision": 0.5891460145662162,
    "recall": 0.5950575915429973,
    "accuracy": 0.5469112130402454,
    "log_loss": 0.6907869766122374,
    "brier_score": 0.2486814469518193
  }
}