{"auc_roc":{"LogisticRegression":0.4778325123,"RandomForest":0.4677339901,"CatBoost":0.4502463054},"f1":{"LogisticRegression":0.5714285714,"RandomForest":0.6086956522,"CatBoost":0.5840707965},"precision":{"LogisticRegression":0.5925925926,"RandomForest":0.6140350877,"CatBoost":0.6},"recall":{"LogisticRegression":0.5517241379,"RandomForest":0.6034482759,"CatBoost":0.5689655172},"accuracy":{"LogisticRegression":0.4838709677,"RandomForest":0.5161290323,"CatBoost":0.4946236559},"log_loss":{"LogisticRegression":0.7507157424,"RandomForest":0.9335378819,"CatBoost":0.6937802072},"brier_score":{"LogisticRegression":0.2765948263,"RandomForest":0.3254387769,"CatBoost":0.2503165229}}