,auc_roc,f1,precision,recall,accuracy,log_loss,brier_score
LogisticRegression,0.4778325123152709,0.5714285714285714,0.5925925925925926,0.5517241379310345,0.4838709677419355,0.750715742358718,0.2765948262900729
RandomForest,0.4677339901477833,0.6086956521739131,0.6140350877192983,0.603448275862069,0.5161290322580645,0.9335378819283578,0.32543877688172046
CatBoost,0.4502463054187193,0.584070796460177,0.6,0.5689655172413793,0.4946236559139785,0.6937802072177479,0.2503165229367274
