{"auc_roc":{"LogisticRegression":0.4977901556,"RandomForest":0.5146818429,"CatBoost":0.5239298904},"f1":{"LogisticRegression":0.6167800454,"RandomForest":0.5693069307,"CatBoost":0.6062052506},"precision":{"LogisticRegression":0.5619834711,"RandomForest":0.5609756098,"CatBoost":0.5772727273},"recall":{"LogisticRegression":0.6834170854,"RandomForest":0.5778894472,"CatBoost":0.6381909548},"accuracy":{"LogisticRegression":0.5369863014,"RandomForest":0.5232876712,"CatBoost":0.5479452055},"log_loss":{"LogisticRegression":0.9562761927,"RandomForest":0.7827645267,"CatBoost":0.7070020291},"brier_score":{"LogisticRegression":0.3185694645,"RandomForest":0.2830430137,"CatBoost":0.2564128841}}