{"auc_roc":{"LogisticRegression":0.5481971503,"RandomForest":0.5350210817,"CatBoost":0.573676941},"f1":{"LogisticRegression":0.593175853,"RandomForest":0.5895316804,"CatBoost":0.6269430052},"precision":{"LogisticRegression":0.565,"RandomForest":0.5879120879,"CatBoost":0.5902439024},"recall":{"LogisticRegression":0.6243093923,"RandomForest":0.591160221,"CatBoost":0.6685082873},"accuracy":{"LogisticRegression":0.5345345345,"RandomForest":0.5525525526,"CatBoost":0.5675675676},"log_loss":{"LogisticRegression":0.6996566014,"RandomForest":0.7558011888,"CatBoost":0.6912928166},"brier_score":{"LogisticRegression":0.2527299519,"RandomForest":0.2736513326,"CatBoost":0.2490729306}}