{
  "LogisticRegression": {
    "auc_roc": 0.5328414058184215,
    "f1": 0.5788911089023052,
    "precision": 0.5752198364839166,
    "recall": 0.5849307949523724,
    "accuracy": 0.53228118655538,
    "log_loss": 0.7485690787879947,
    "brier_score": 0.27113443273006926
  },
  "RandomForest": {
    "auc_roc": 0.5371001073397671,
    "f1": 0.5779604806246984,
    "precision": 0.5788938531496844,
    "recall": 0.5784728507555029,
    "accuracy": 0.5350670058734576,
    "log_loss": 0.7410367763767223,
    "brier_score": 0.26960012014022045
  },
  "CatBoost": {
    "auc_roc": 0.5430772260517637,
    "f1": 0.5934202504863607,
    "precision": 0.5980814819951624,
    "recall": 0.5900595285717343,
    "accuracy": 0.5542455990843088,
    "log_loss": 0.6913906469451412,
    "brier_score": 0.2490560880867053
  }
}