,auc_roc,f1,precision,recall,accuracy,log_loss,brier_score
LogisticRegression,0.45333333333333337,0.5043478260869565,0.48333333333333334,0.5272727272727272,0.43,0.798768384973121,0.2953838604357894
RandomForest,0.43555555555555553,0.49019607843137253,0.5319148936170213,0.45454545454545453,0.48,1.0359787372594809,0.35965531249999994
CatBoost,0.4315151515151515,0.5370370370370371,0.5471698113207547,0.5272727272727272,0.5,0.6966795178949796,0.251764809934399
