{"auc_roc":{"LogisticRegression":0.4533333333,"RandomForest":0.4355555556,"CatBoost":0.4315151515},"f1":{"LogisticRegression":0.5043478261,"RandomForest":0.4901960784,"CatBoost":0.537037037},"precision":{"LogisticRegression":0.4833333333,"RandomForest":0.5319148936,"CatBoost":0.5471698113},"recall":{"LogisticRegression":0.5272727273,"RandomForest":0.4545454545,"CatBoost":0.5272727273},"accuracy":{"LogisticRegression":0.43,"RandomForest":0.48,"CatBoost":0.5},"log_loss":{"LogisticRegression":0.798768385,"RandomForest":1.0359787373,"CatBoost":0.6966795179},"brier_score":{"LogisticRegression":0.2953838604,"RandomForest":0.3596553125,"CatBoost":0.2517648099}}